subjectId,assignmentId,hitId,turkSubmitTo,timestamp,completionCode
HRV_0001,testAssignment18378,testHIT66177,www.calkins.psych.columbia.edu,2022-07-15 13:58:50,gCazlrCjzkH5A8ZS
HRV_0002,testAssignment88639,testHIT33503,www.calkins.psych.columbia.edu,2022-07-15 14:06:55,DenBZBWRPjFwgWkg
HRV_0003,3OS4RQUCRAPA6V4F0NCCR4HM4GFFBX,3W0KKJIARRJZXZ0S8KEXRVN2AOKK8Z,https://www.mturk.com,2022-11-30 17:20:24,Tvwu9CN5hMnxo3nK
HRV_0004,3X66WABAJXSBH0WXWE3OR6JMH323GT,33W1NHWFYHVDKER2BJS25672SAITZJ,https://www.mturk.com,2022-11-30 17:20:29,u3URtBUMCTOZfXml
HRV_0005,3TOK3KHVJUSHAWEIM9JM9W44DREO75,375VSR8FVWJ04ZEA7UN75R6K4PLRZ4,https://www.mturk.com,2022-11-30 17:20:29,dS8XRertVjHKlxPC
HRV_0006,3Z3ZLGNNSJ42UPQBZA80LKNONQB3QO,3RTFSSG7T8GL76ESRN64KB33HVSWLT,https://www.mturk.com,2022-11-30 17:20:29,PBdpVI7lizDJ27hS
HRV_0007,3QIYRE09Y4RLHPZ4WE20TXDMKV9N1S,33W1NHWFYHVDKER2BJS25672SAITZJ,https://www.mturk.com,2022-11-30 17:20:30,iSj4T2cuf6Wrjyvo
HRV_0008,3ZY8KE4ISKDM6YSUJKE64FF7EA3QV7,3CKVGCS3PGFF3T8XIPAKP28U8KLS01,https://www.mturk.com,2022-11-30 17:20:33,Bxza68ExAR4zbvaP
HRV_0009,3I7DHKZYGOA8HFN6ZDLZOIHUUKTF5W,3X52SWXE0XFS42KMEAD5HSDGNMECWT,https://www.mturk.com,2022-11-30 17:20:33,VurfZAjYDVw0r5pE
HRV_0010,3LO69W1SU4NSX4MM2K7ONSD3HPSGLJ,3BDORL6HKKNNW630FG3ZUT5ZV7ZCRQ,https://www.mturk.com,2022-11-30 17:20:34,2PatQ6wRxflNKbEH
HRV_0011,39JEC7537VBICXIBE2DBKAQQAV2VC7,3P7RGTLO6ENDGNT75IYBNMTX0CKKA3,https://www.mturk.com,2022-11-30 17:20:37,4OpkrlyvlE49Ueyd
HRV_0012,3WS1NTTKEZM9M81527FN7NL3DCI0FW,3K3IX1W4S61EREQNIA3JJ3FWUMQPA9,https://www.mturk.com,2022-11-30 17:20:37,uxl5qIQpBporRFPk
HRV_0013,30OG32W0SVLK1QTG82XF0HWG94ENEC,32FESTC2NH0FCYVHJAY4Z4SJ263CUU,https://www.mturk.com,2022-11-30 17:20:37,Mi6PRK2xLkoXaRd9
HRV_0014,3TS1AR6UQRON4J1PN60WM2VQLQOF7B,3A3KKYU7P3R5DOWDRZ7JKOISH0IWMV,https://www.mturk.com,2022-11-30 17:20:38,xKX9tZ8bWyNLNVXx
HRV_0015,3YOH7BII0AH0VVUZ6FU98T3YF4CKVA,3W0KKJIARRJZXZ0S8KEXRVN2AOKK8Z,https://www.mturk.com,2022-11-30 17:20:43,LprDK3xtZfs7QfuI
HRV_0016,3JV9LGBJWUO03PPJFCNGF9HXCUXGO0,32FESTC2NH0FCYVHJAY4Z4SJ263CUU,https://www.mturk.com,2022-11-30 17:20:44,TxeTF82EKbZ0ThYm
HRV_0017,3V0Z7YWSIZA5EFQ9H9O58XH4Y4PV2Y,3W0KKJIARRJZXZ0S8KEXRVN2AOKK8Z,https://www.mturk.com,2022-11-30 17:20:47,rA9Wfmqdp1ImjlZm
HRV_0018,3OLF68YTNAB5NLZNU9CGWTXGMYUAFX,3A3KKYU7P3R5DOWDRZ7JKOISH0IWMV,https://www.mturk.com,2022-11-30 17:20:47,SJFzKUyA5IMRlEOQ
HRV_0019,34Z02EIMITNJ5DJ6XRKCOR044LQ0T4,3P7RGTLO6ENDGNT75IYBNMTX0CKKA3,https://www.mturk.com,2022-11-30 17:20:50,CBzaEi4nrmJ98ujt
HRV_0020,3H7XDTSHKD188YYL6YEQW3UJFWWGWC,3P7RGTLO6ENDGNT75IYBNMTX0CKKA3,https://www.mturk.com,2022-11-30 17:20:56,8N6P4rzWeLkzd3lD
HRV_0021,3V26SBZTBEOCTAYV7DMMGE477OUZZA,33W1NHWFYHVDKER2BJS25672SAITZJ,https://www.mturk.com,2022-11-30 17:20:57,rlNKnuz8mlugSt6U
HRV_0022,3FIJLY1B6VECAP5PJSUDMOMBLKUFPI,3CKVGCS3PGFF3T8XIPAKP28U8KLS01,https://www.mturk.com,2022-11-30 17:21:01,63Zu7sbAvqf8oID2
HRV_0023,3VHHR074H4R94BBL9H3UHF0AIMA7L8,375VSR8FVWJ04ZEA7UN75R6K4PLRZ4,https://www.mturk.com,2022-11-30 17:21:02,kz3aAgW1rfmgnUdD
HRV_0024,3EQHHY4HQT2EVFJ1AXRH63H6VZT5GL,3X52SWXE0XFS42KMEAD5HSDGNMECWT,https://www.mturk.com,2022-11-30 17:21:06,45NGzH4diyI7msQk
HRV_0025,3A0EX8ZRN9YG6MLA5D40GPO2AR4YBC,3RTFSSG7T8GL76ESRN64KB33HVSWLT,https://www.mturk.com,2022-11-30 17:21:07,4mnp05hOn4PaZ53y
HRV_0026,3M23Y66PO3HD4OS6AGV3NNE9F5Y6SM,3K3IX1W4S61EREQNIA3JJ3FWUMQPA9,https://www.mturk.com,2022-11-30 17:21:09,M1Jo4reMsp4ZClwz
HRV_0027,3634BBTX0P4KT3IL6X4TDRLZZ6ZFI6,3MA5N0ATTCLAN0WA6NU35BQOSVNWKQ,https://www.mturk.com,2022-11-30 17:21:09,D61mrHZiVJuMl0sm
HRV_0028,3LWJHTCVCDWXA164J592MTCLQGGFQ9,3P7RGTLO6ENDGNT75IYBNMTX0CKKA3,https://www.mturk.com,2022-11-30 17:21:10,mmMNcH5ibR502QWi
HRV_0029,317HQ483I82WHVV24LN6LWU81XLNIL,33W1NHWFYHVDKER2BJS25672SAITZJ,https://www.mturk.com,2022-11-30 17:21:11,9ff2SbsnQRgk9eZN
HRV_0030,3X73LLYYQ2OWL0KIY35LLKTT1K6NHS,3I7KR83SNANZB4J2DCKBRRIDUU2K9O,https://www.mturk.com,2022-11-30 17:21:11,6Ykhvexa5qB5rOLT
HRV_0031,3WYGZ5XF3XPK33DVCKP4X6JRG0IKS5,33QQ60S6ASSVI6017U5K43QITH6U0J,https://www.mturk.com,2022-11-30 17:21:13,SMdNHS5vWdIjjNAK
HRV_0032,3VHHR074H4R94BBL9H3UHF0AIMAL7M,3CKVGCS3PGFF3T8XIPAKP28U8KLS01,https://www.mturk.com,2022-11-30 17:21:20,Sx6kKLrkTnFMz2lg
HRV_0033,3PQ8K71NHYUARUIFJTQOISMPPIHAAK,3OQQD2WO8IGMQ74YW0YPNY0E2Y3I3U,https://www.mturk.com,2022-11-30 17:21:23,pvxLerBhII6Yz0Hc
HRV_0034,3KAKFY4PGVCPDR2SM23RCIW2WGUI30,3LB1BGHFL26DFOHXFXQJRZY0MGETYS,https://www.mturk.com,2022-11-30 17:21:24,J2owPIik8MlLi99f
HRV_0035,38F5OAUN5OM7IFSVIWOWPN731517H1,3W0KKJIARRJZXZ0S8KEXRVN2AOKK8Z,https://www.mturk.com,2022-11-30 17:21:25,tgRW5w2nebYMVl6Q
HRV_0036,3I0BTBYZAYVFMZI07X7BW8SJJN80YT,32FESTC2NH0FCYVHJAY4Z4SJ263CUU,https://www.mturk.com,2022-11-30 17:21:25,ZJP6UIeYFrsLUSzi
HRV_0037,386PBUZZXG72O6CNAQSRK55J9H9JLQ,3RTFSSG7T8GL76ESRN64KB33HVSWLT,https://www.mturk.com,2022-11-30 17:21:33,q2oqQ6iAOvh0iioQ
HRV_0038,3VE8AYVF8N7R4X68XBS202RLWAUF8Y,3OWZNK3RYLZ2EG3FMH9YNRJXQFQU23,https://www.mturk.com,2022-11-30 17:21:36,aOhGn9HHPz9b16LK
HRV_0039,30X31N5D640ERQ490TCF3SGVBOOASG,3EKTG13IZUDP2UKENL0HBD1CJTEMLS,https://www.mturk.com,2022-11-30 17:21:38,OIYdGtEiQQw8Rw7m
HRV_0040,3HOSI13XH0Y6N8O3ND8SYU21VOBDDR,3X52SWXE0XFS42KMEAD5HSDGNMECWT,https://www.mturk.com,2022-11-30 17:21:38,0r0pH3ykzjsIcfSG
HRV_0041,3RSDURM96BWEDPXUF46QHXUNDOHYEC,3I7KR83SNANZB4J2DCKBRRIDUU2K9O,https://www.mturk.com,2022-11-30 17:21:42,XxVZpw0D7BSrABP8
HRV_0042,3JJVG1YBEC7I4YBQUBZ35SQ9FM15B4,3MA5N0ATTCLAN0WA6NU35BQOSVNWKQ,https://www.mturk.com,2022-11-30 17:21:44,pvVqoN6fP8zTvF1i
HRV_0043,3ZGVPD4G6URG7YPW1LX4UQ3QMS8TZO,3W0KKJIARRJZXZ0S8KEXRVN2AOKK8Z,https://www.mturk.com,2022-11-30 17:21:44,KdQ3NsKtca87GWQR
HRV_0044,35LDD5557BEH580QSNTILXKLOB0KMT,32CAVSKPCEZVPVLJ3D9KI89SY9CU1M,https://www.mturk.com,2022-11-30 17:21:45,dS2s9UbZwn4Iyqe0
HRV_0045,3FFJ6VRIL2YTWZ3V3FL8AKYVT4AI05,3X52SWXE0XFS42KMEAD5HSDGNMECWT,https://www.mturk.com,2022-11-30 17:21:49,nBllEPgwT3mj1Hv3
HRV_0046,384PI804XTBIQD6R8RFMEM4I22C0SF,341YLJU21I9X5P8FS0KK4OVMWK3I2J,https://www.mturk.com,2022-11-30 17:21:51,NdYDEaLmTMerp8yG
HRV_0047,3AQF3RZ559S40JNK4WV4GOVUQF4F6C,32CAVSKPCEZVPVLJ3D9KI89SY9CU1M,https://www.mturk.com,2022-11-30 17:21:53,4fktn3FH5d6dv3rh
HRV_0048,3SB5N7Y3O4EF08X0DRL5P8LFERIG0B,3CKVGCS3PGFF3T8XIPAKP28U8KLS01,https://www.mturk.com,2022-11-30 17:21:54,73THcyKiUqRkEHAC
HRV_0049,3YHH42UU5CPVM0B1OIIL20QNA840L1,3PEG1BH7AE1IZXYZBWY7IXD3IU5KBY,https://www.mturk.com,2022-11-30 17:21:54,jbLlhCz5oXQtrmNe
HRV_0050,3F0BG9B9MQXT4AIKSWSKBN26R1DY7Q,3A3KKYU7P3R5DOWDRZ7JKOISH0IWMV,https://www.mturk.com,2022-11-30 17:21:58,lCfuQrhZaJUjDr1w
HRV_0051,3K9FOBBF2ITY7W38POKJDCM0I1ELNW,341YLJU21I9X5P8FS0KK4OVMWK3I2J,https://www.mturk.com,2022-11-30 17:22:13,9wpljGXjZtX5X3If
HRV_0052,3CFVK00FWMVQ0BXGQ7Y2B10ENBQL6N,3I7KR83SNANZB4J2DCKBRRIDUU2K9O,https://www.mturk.com,2022-11-30 17:22:13,S1HP4q26cZNIS9tT
HRV_0053,3E337GFOLAIIL4P7EXN30KHSMKTNGT,341YLJU21I9X5P8FS0KK4OVMWK3I2J,https://www.mturk.com,2022-11-30 17:22:16,1hbNryPwBEGM0eEE
HRV_0054,3OJSZ2ATDT6V2M80HUNN0Q4DWWA57I,3OQQD2WO8IGMQ74YW0YPNY0E2Y3I3U,https://www.mturk.com,2022-11-30 17:22:16,UHOCwvDw02CtlPnr
HRV_0055,36TFCYNS45K1XUYM09SUJMKR3YGHX6,3PEG1BH7AE1IZXYZBWY7IXD3IU5KBY,https://www.mturk.com,2022-11-30 17:22:25,en925xZECSg4EKGJ
HRV_0056,3K9FOBBF2ITY7W38POKJDCM0I1FNLZ,33W1NHWFYHVDKER2BJS25672SAITZJ,https://www.mturk.com,2022-11-30 17:22:30,5vvoifm0t5ZnO8z6
HRV_0057,3AQF3RZ559S40JNK4WV4GOVUQF46F3,3PEG1BH7AE1IZXYZBWY7IXD3IU5KBY,https://www.mturk.com,2022-11-30 17:22:46,wPv3cB7kFX1gWoLi
HRV_0058,3D8YOU6S9FUTJ1KAZLQ32OWX02J6U2,341YLJU21I9X5P8FS0KK4OVMWK3I2J,https://www.mturk.com,2022-11-30 17:22:50,zbhUAXi22ZVSMI56
HRV_0059,3KRVW3HTZOVFTRDYXW2KCJBV55CMSB,3LB1BGHFL26DFOHXFXQJRZY0MGETYS,https://www.mturk.com,2022-11-30 17:22:55,8HgBpMz9Djwkw8cu
HRV_0060,3R9WASFE20Q6OT7V61SFDMOPVJ1FZ3,3CKVGCS3PGFF3T8XIPAKP28U8KLS01,https://www.mturk.com,2022-11-30 17:23:06,WocNM9iv0Cj2oOUx
HRV_0061,3E7TUJ2EGDWUKIBMBX3QCYJB43WD9A,3DZKABX2ZIFFPDKHO089VQU2GDCCVJ,https://www.mturk.com,2022-11-30 17:23:13,yVhHJTz98ztzecEG
HRV_0062,30LSNF239V50S969I2PMT8RAQ2UI2P,3W0KKJIARRJZXZ0S8KEXRVN2AOKK8Z,https://www.mturk.com,2022-11-30 17:23:15,Q0assqzOer5xaAAf
HRV_0063,31T4R4OBOTQG17HFW4AVEWANODW7CS,3EKTG13IZUDP2UKENL0HBD1CJTEMLS,https://www.mturk.com,2022-11-30 17:23:20,b0DT5sFNHwbyhFC9
HRV_0064,3FPRZHYEPZHUZXMSL92AR7MW4IQ3VI,32CAVSKPCEZVPVLJ3D9KI89SY9CU1M,https://www.mturk.com,2022-11-30 17:23:23,0nzF5zlvx1iBkCUm
HRV_0065,30X31N5D640ERQ490TCF3SGVBOPSAZ,3B9J25CZ25NZXL3DU534K3AVH9ICSE,https://www.mturk.com,2022-11-30 17:23:31,pBAXwPz2Ag7bI1lH
HRV_0066,3EJPLAJKENQA50EK58PBJGBC2KY6ZR,3NFWQRSHVEO3ASEWQ7ZO3VCVQBGFG8,https://www.mturk.com,2022-11-30 17:23:32,fZAO6k6tLky21M1u
HRV_0067,3GFK2QRXXARAS191P2VZS63UPNJ5WK,3NFWQRSHVEO3ASEWQ7ZO3VCVQBGFG8,https://www.mturk.com,2022-11-30 17:23:36,ByRYRRlK0wcayO6a
HRV_0068,31JLPPHS2V4Z9DDVKXGWWFSO8PT3OG,375VSR8FVWJ04ZEA7UN75R6K4PLRZ4,https://www.mturk.com,2022-11-30 17:23:56,MJyzRmIgOxzG1s7n
HRV_0069,3WSELTNVR4CF6QHOPTH5DXCHD72AT5,3RTFSSG7T8GL76ESRN64KB33HVSWLT,https://www.mturk.com,2022-11-30 17:24:01,GMFE7ehp98S3UPGj
HRV_0070,3EWIJTFFVPHHGU197WVHP5031B30EE,374UMBUHN5Z0CLGSJ58UU86HJSWCT3,https://www.mturk.com,2022-11-30 17:24:06,LfMqBktzwAG6WOiZ
HRV_0071,3WR9XG3T64LD63403P4DVYYZW0F74F,375VSR8FVWJ04ZEA7UN75R6K4PLRZ4,https://www.mturk.com,2022-11-30 17:24:08,K3rFWq40QaAPnjn4
HRV_0072,3483FV8BEFTKZPB8G1GXW515HBZ62J,32FESTC2NH0FCYVHJAY4Z4SJ263CUU,https://www.mturk.com,2022-11-30 17:24:32,uxMWiKOyYJkcMzhX
HRV_0073,33CKWXB73KUI3ISFRR42WQ0JHU511Z,33QQ60S6ASSVI6017U5K43QITH6U0J,https://www.mturk.com,2022-11-30 17:24:39,J9QzgX4mdqWkfEzt
HRV_0074,3AQF3RZ559S40JNK4WV4GOVUQF46F3,3PEG1BH7AE1IZXYZBWY7IXD3IU5KBY,https://www.mturk.com,2022-11-30 17:24:47,lN5xUry6uXVT0HwU
HRV_0075,37Z929RLGAIJ6M3I6T3WYX6NZD8TSJ,3BDORL6HKKNNW630FG3ZUT5ZV7ZCRQ,https://www.mturk.com,2022-11-30 17:24:57,MdOrcVrLcWrgVUvr
HRV_0076,3ATPCQ38J9KBNCGIZZ44LE4WS9JYAH,3KA7IJSNW6FJAOVFOO3FEEZ2C4BPB4,https://www.mturk.com,2022-11-30 17:25:22,MspyeCswMI8PUeER
HRV_0077,3M1CVSFP61F2EAPW8PNA8S1UT03AQR,3NFWQRSHVEO3ASEWQ7ZO3VCVQBGFG8,https://www.mturk.com,2022-11-30 17:25:34,TVn22vycYpn30jJ6
HRV_0078,3STRJBFXOX1LI3QA1KUU7BFDIJWKTU,3A3KKYU7P3R5DOWDRZ7JKOISH0IWMV,https://www.mturk.com,2022-11-30 17:25:44,QZTfECeBWpfzAcYj
HRV_0079,38F71OA9GU66PM8CRC2L5KSGGFJFMM,3KA7IJSNW6FJAOVFOO3FEEZ2C4BPB4,https://www.mturk.com,2022-11-30 17:25:57,QvWvAeZu0fPiiCDT
HRV_0080,3WYP994K181A0A4F9MNS592AWQTY6R,3A3KKYU7P3R5DOWDRZ7JKOISH0IWMV,https://www.mturk.com,2022-11-30 17:26:06,o0rzmneLczv1n2iz
HRV_0081,3QHK8ZVMINSW6NEBMYFAMHM61C0BLX,3P7RGTLO6ENDGNT75IYBNMTX0CKKA3,https://www.mturk.com,2022-11-30 17:26:13,4P56pleOdA6ESp68
HRV_0082,345LHZDEDY2UMIXSGJS5VLKDQBGU3J,3P7RGTLO6ENDGNT75IYBNMTX0CKKA3,https://www.mturk.com,2022-11-30 17:26:33,AjkhdLyeajAiAZw6
HRV_0083,3EQHHY4HQT2EVFJ1AXRH63H6VZT5GL,3X52SWXE0XFS42KMEAD5HSDGNMECWT,https://www.mturk.com,2022-11-30 17:26:36,6hDTjVnqIgjBZKXy
HRV_0084,3KJYX6QCMAL5KBOHOUUX7E3L0FBVJL,3CKVGCS3PGFF3T8XIPAKP28U8KLS01,https://www.mturk.com,2022-11-30 17:26:51,dkTcPLfr1jia9l80
HRV_0085,3F0BG9B9MQXT4AIKSWSKBN26R1DY7Q,3A3KKYU7P3R5DOWDRZ7JKOISH0IWMV,https://www.mturk.com,2022-11-30 17:27:05,qTirdDqUHlyl5CH2
HRV_0086,3KGTPGBS6YV51019CJE0CBFLKXGU28,32FESTC2NH0FCYVHJAY4Z4SJ263CUU,https://www.mturk.com,2022-11-30 17:27:13,n87t0SgBnMLEBuIw
HRV_0087,3S0TNUHWKUSU6DSC65XCC2O0KXED8L,32FESTC2NH0FCYVHJAY4Z4SJ263CUU,https://www.mturk.com,2022-11-30 17:27:20,UfGGFUw3FEgY4Nje
HRV_0088,31UV0MXWNRMSR6PW0LRKRFUMACLI5Q,3BDORL6HKKNNW630FG3ZUT5ZV7ZCRQ,https://www.mturk.com,2022-11-30 17:27:33,g5mz2J2q1oh4ktBR
HRV_0089,33OOO72IVIV3Z5EM97DWJS25DAMTCP,3K3IX1W4S61EREQNIA3JJ3FWUMQPA9,https://www.mturk.com,2022-11-30 17:28:04,hEU2lxuxktjHBAEF
HRV_0090,3JWH6J9I9TNMUNHWYBVPZ9QV670BNZ,374UMBUHN5Z0CLGSJ58UU86HJSWCT3,https://www.mturk.com,2022-11-30 17:28:08,tzWlB7ozmBjrtpb1
HRV_0091,3N1FSUEFL6ATNC5AU27ZVQ8VIBID4E,3OWZNK3RYLZ2EG3FMH9YNRJXQFQU23,https://www.mturk.com,2022-11-30 17:28:13,J0VDkdImkqYBdMKp
HRV_0092,31Q0U3WYDQPWE47HG7LBX0RWKG5712,3XDSWAMB222NK5O021EZP3VUZLXCQP,https://www.mturk.com,2022-11-30 17:28:24,7cLxdpxLZHgMUwx1
HRV_0093,32EYX73OY1JM5KIUR9T1DJNTWPWURN,3K3IX1W4S61EREQNIA3JJ3FWUMQPA9,https://www.mturk.com,2022-11-30 17:28:27,gDBBkJWzjNKZKn9y
HRV_0094,3DZQRBDBSMPE755OREX5GK2P5EW3SD,3OQQD2WO8IGMQ74YW0YPNY0E2Y3I3U,https://www.mturk.com,2022-11-30 17:28:35,ncnLlg5oz2LWgLXK
HRV_0095,3F0BG9B9MQXT4AIKSWSKBN26R1E7Y0,3RTFSSG7T8GL76ESRN64KB33HVSWLT,https://www.mturk.com,2022-11-30 17:28:49,ZB11dGufiINPb43p
HRV_0096,3E1QT0TDFQJBEO8YYJYN3Z4DC2MI8S,3BDORL6HKKNNW630FG3ZUT5ZV7ZCRQ,https://www.mturk.com,2022-11-30 17:29:16,EvGJZRrtMuLCY9SA
HRV_0097,3FTOP5WARGYPRAN1LX68MLDV6JZ0JZ,3PEG1BH7AE1IZXYZBWY7IXD3IU5KBY,https://www.mturk.com,2022-11-30 17:29:31,oWQD69UZfPdg34tm
HRV_0098,34Z02EIMITNJ5DJ6XRKCOR044LQ0T4,3P7RGTLO6ENDGNT75IYBNMTX0CKKA3,https://www.mturk.com,2022-11-30 17:30:04,swGVHfpaHOyenWS4
HRV_0099,35L9RVQFCPS9GQ4RV4H7ZFLN9GZHUE,3KA7IJSNW6FJAOVFOO3FEEZ2C4BPB4,https://www.mturk.com,2022-11-30 17:30:20,t5HqKc2LNpPe2zv2
HRV_0100,324G5B4FB4IW7FMZKOHBJV8MFOZ70Z,32CAVSKPCEZVPVLJ3D9KI89SY9CU1M,https://www.mturk.com,2022-11-30 17:30:52,RYnH0wLF2Er94AB3
HRV_0101,3I3WADAZ9RE2NS0ZYG4PBCQ8MLJO5Q,3W0KKJIARRJZXZ0S8KEXRVN2AOKK8Z,https://www.mturk.com,2022-11-30 17:31:01,G5uEUyucHgapk3gF
HRV_0102,39RP059MEI3GC5WWMAGPMU1V1HQMBA,3XDSWAMB222NK5O021EZP3VUZLXCQP,https://www.mturk.com,2022-11-30 17:31:15,zNuG1Agjgza9Fb4k
HRV_0103,3DYGAII7PMI91EVYX857YNQPSM2QPM,374UMBUHN5Z0CLGSJ58UU86HJSWCT3,https://www.mturk.com,2022-11-30 17:31:26,XRqdgUyP4Ob8t5cz
HRV_0104,3E7TUJ2EGDWUKIBMBX3QCYJB43WD9A,3DZKABX2ZIFFPDKHO089VQU2GDCCVJ,https://www.mturk.com,2022-11-30 17:31:39,Jx1aVOyxPQzcYCAj
HRV_0105,3L6L49WXW17YJZQHFWPGXEK35UK54Y,33W1NHWFYHVDKER2BJS25672SAITZJ,https://www.mturk.com,2022-11-30 17:31:46,k9PBSOW1cthkOFyE
HRV_0106,36H9ULYP634GOE2ROFPTPS0ZCLOFJI,33QQ60S6ASSVI6017U5K43QITH6U0J,https://www.mturk.com,2022-11-30 17:31:53,udz8USghnpn3kLs2
HRV_0107,3D3VGR7TA1P26Q5BCPX0QAXTJCD3RP,3X52SWXE0XFS42KMEAD5HSDGNMECWT,https://www.mturk.com,2022-11-30 17:31:56,BUIazSmK9xfGKXPL
HRV_0108,3NKQQ8O39ZFS4AZP98YH8U6PHO6DU1,375VSR8FVWJ04ZEA7UN75R6K4PLRZ4,https://www.mturk.com,2022-11-30 17:32:11,tCJV9z0FPeGKAbSW
HRV_0109,33UKMF931AUKLMGXVT8M82291WMTT8,374UMBUHN5Z0CLGSJ58UU86HJSWCT3,https://www.mturk.com,2022-11-30 17:33:20,JRCwDaopEuwh1PjT
HRV_0110,3IKZ72A5B5QC74TC3DHLIZHGL5TFNM,3A3KKYU7P3R5DOWDRZ7JKOISH0IWMV,https://www.mturk.com,2022-11-30 17:33:32,7Rg0dNpHJ2Adjki5
HRV_0111,3VAR3R6G1QBLAAJ1WEBSNW0ZOBKO8S,3MA5N0ATTCLAN0WA6NU35BQOSVNWKQ,https://www.mturk.com,2022-11-30 17:33:38,UbBTx9JVucz7pcBb
HRV_0112,3JV9LGBJWUO03PPJFCNGF9HXCUXGO0,32FESTC2NH0FCYVHJAY4Z4SJ263CUU,https://www.mturk.com,2022-11-30 17:33:45,59gQ8KopCXFTqNvb
HRV_0113,3OLF68YTNAB5NLZNU9CGWTXGMYUFA2,3I7KR83SNANZB4J2DCKBRRIDUU2K9O,https://www.mturk.com,2022-11-30 17:33:47,AZ2JtOpfYwlDgbYg
HRV_0114,3QRYMNZ7FZRMQ9BDYXMAZ3WHCE0TN7,3XDSWAMB222NK5O021EZP3VUZLXCQP,https://www.mturk.com,2022-11-30 17:33:54,vUiin6iI2Kg8SCQt
HRV_0115,336YQZE83WOENPFNL0PCJ813RL55MT,3A3KKYU7P3R5DOWDRZ7JKOISH0IWMV,https://www.mturk.com,2022-11-30 17:34:20,NKQIoLGWw69KteIn
HRV_0116,3QY7M81QH8WYK5T3OHRT2FNVTM87K8,3X52SWXE0XFS42KMEAD5HSDGNMECWT,https://www.mturk.com,2022-11-30 17:34:23,yD8JziHFLGJ2yw7U
HRV_0117,3PXX5PX6LY8FA4N7P7QKD36V702ABF,3PEG1BH7AE1IZXYZBWY7IXD3IU5KBY,https://www.mturk.com,2022-11-30 17:34:25,re55u8VUiGYUGfBM
HRV_0118,3V26SBZTBEOCTAYV7DMMGE477OUZZA,33W1NHWFYHVDKER2BJS25672SAITZJ,https://www.mturk.com,2022-11-30 17:34:33,TytjxCNjcMoXodah
HRV_0119,37FMASSAYD1UGM651VIXU1UEK86BIJ,3B9J25CZ25NZXL3DU534K3AVH9ICSE,https://www.mturk.com,2022-11-30 17:34:36,Fdtsjfa8OjHOuigz
HRV_0120,3URFVVM166SV7B4L1QNEZMPS56IUZJ,341YLJU21I9X5P8FS0KK4OVMWK3I2J,https://www.mturk.com,2022-11-30 17:35:19,RAaMQqrM8MdTCn2X
HRV_0121,3DYGAII7PMI91EVYX857YNQPSM2QPM,374UMBUHN5Z0CLGSJ58UU86HJSWCT3,https://www.mturk.com,2022-11-30 17:35:48,nleHMT80t47kgiLE
HRV_0122,3OJSZ2ATDT6V2M80HUNN0Q4DWWA75K,3KA7IJSNW6FJAOVFOO3FEEZ2C4BPB4,https://www.mturk.com,2022-11-30 17:35:52,B9cd8Tr4cNwsrQCA
HRV_0123,3S96KQ6I9NED4XK093873YKNYAYTDP,3K3IX1W4S61EREQNIA3JJ3FWUMQPA9,https://www.mturk.com,2022-11-30 17:36:02,3XQVezs3MrU19l8k
HRV_0124,3Q8GYXHFEQC1E33W8BVYGCWRX715CB,3X52SWXE0XFS42KMEAD5HSDGNMECWT,https://www.mturk.com,2022-11-30 17:36:12,a6vVbReXebQxUyhG
HRV_0125,3ERMJ6L4DZ2TATT69T49HSFZIR07MA,3CKVGCS3PGFF3T8XIPAKP28U8KLS01,https://www.mturk.com,2022-11-30 17:36:13,pwnELJfYTKcZLlCG
HRV_0126,3FQ5JJ512MYNNQLQ4O8IYC9LT1ANKW,3B9J25CZ25NZXL3DU534K3AVH9ICSE,https://www.mturk.com,2022-11-30 17:36:20,6P4Qe2FELkgf7Ni7
HRV_0127,354P56DE9LDW8O6BTQ0VT1E5AGL7SP,33NKDW9FFXS7T2PCOF9RJBRNWOKCXM,https://www.mturk.com,2022-11-30 17:36:35,uxUdZ6PUfRdbmAYD
HRV_0128,3WI0P0II6220OI785E3C3JJ5AP1RDA,3NFWQRSHVEO3ASEWQ7ZO3VCVQBGFG8,https://www.mturk.com,2022-11-30 17:36:40,DwmjthGoGxCtJDwn
HRV_0129,3H8DHMCCWALE1EUDFUUF27XRFX8DK4,33QQ60S6ASSVI6017U5K43QITH6U0J,https://www.mturk.com,2022-11-30 17:37:01,EU1Y51ccP9ahIDlH
HRV_0130,3WOKGM4L72Q3SLEY1AYDUHUH5D90OI,33QQ60S6ASSVI6017U5K43QITH6U0J,https://www.mturk.com,2022-11-30 17:37:14,BfigFfr8OB48gIjZ
HRV_0131,3ZR9AIQJUCJZOS4GIQJ4GJOCOM940C,3I7KR83SNANZB4J2DCKBRRIDUU2K9O,https://www.mturk.com,2022-11-30 17:38:03,XN7IMVYyvExqwfK3
HRV_0132,34Q075JO1YNIWT7XV802ILH9C2Z10W,374UMBUHN5Z0CLGSJ58UU86HJSWCT3,https://www.mturk.com,2022-11-30 17:38:12,LRfQh6zaYAHhxh56
HRV_0133,34FNN24DCNJEH64143DND3OA0VIY5B,3OWZNK3RYLZ2EG3FMH9YNRJXQFQU23,https://www.mturk.com,2022-11-30 17:38:50,OEDN1L4wOfJ0LfYj
HRV_0134,3P529IW9KZVMJ4QRR01657DRGATFLK,33QQ60S6ASSVI6017U5K43QITH6U0J,https://www.mturk.com,2022-11-30 17:39:38,qgGOQ7UKDcSxyqZi
HRV_0135,386CSBG1O0W1R8DTIC6YSNZ8XHD6QX,3P7RGTLO6ENDGNT75IYBNMTX0CKKA3,https://www.mturk.com,2022-11-30 17:39:44,NXsUNwHhTuo1ktqY
HRV_0136,31LVTDXBL8KJMUV0IV10MWRAJY3RLQ,3K3IX1W4S61EREQNIA3JJ3FWUMQPA9,https://www.mturk.com,2022-11-30 17:40:52,2nn6LgWGTtSonS2G
HRV_0137,3KV0LJBBH3V3SCDLI72FM96ZJ3TRMS,374UMBUHN5Z0CLGSJ58UU86HJSWCT3,https://www.mturk.com,2022-11-30 17:40:55,bZYz3JOc99tDsD21
HRV_0138,3E337GFOLAIIL4P7EXN30KHSMKSGNL,3BDORL6HKKNNW630FG3ZUT5ZV7ZCRQ,https://www.mturk.com,2022-11-30 17:41:02,KlAKmzjeO2QBlGXV
HRV_0139,3FTF2T8WLSSTTOBDSS8G4M8WBJ29WF,3LB1BGHFL26DFOHXFXQJRZY0MGETYS,https://www.mturk.com,2022-11-30 17:41:13,ql7qLHuHVOSNpdyB
HRV_0140,354P56DE9LDW8O6BTQ0VT1E5AGL7SP,33NKDW9FFXS7T2PCOF9RJBRNWOKCXM,https://www.mturk.com,2022-11-30 17:41:21,D8ILZwDWKSgD1Y8r
HRV_0141,33CID571053R3SAY75044YOUDKR3L2,3NFWQRSHVEO3ASEWQ7ZO3VCVQBGFG8,https://www.mturk.com,2022-11-30 17:42:10,Ui4Nx4DlyxaHCIj5
HRV_0142,3KWTYT0871DUH7X2LOOXJVMERGFL57,3EKTG13IZUDP2UKENL0HBD1CJTEMLS,https://www.mturk.com,2022-11-30 17:43:07,um9upA2bXVtHpuzs
HRV_0143,31QTRG6Q2UNIAGMKOIM1B9TRRVJPYO,3MA5N0ATTCLAN0WA6NU35BQOSVNWKQ,https://www.mturk.com,2022-11-30 17:43:41,zKw4B2DBhJTLVz0s
HRV_0144,3OCHAWUVGPUSZKZU6UVRWE0JVFKKXD,3EKTG13IZUDP2UKENL0HBD1CJTEMLS,https://www.mturk.com,2022-11-30 17:43:48,N63NvmQkjpliEuAX
HRV_0145,3X3OR7WPZ0AD4PG4JMV0VFW5T6GL89,3EKTG13IZUDP2UKENL0HBD1CJTEMLS,https://www.mturk.com,2022-11-30 17:44:13,LtW4hpj0WiDAOZB8
HRV_0146,3S06PH7KSSECVD8R7KOXXS1S6R8D11,3EKTG13IZUDP2UKENL0HBD1CJTEMLS,https://www.mturk.com,2022-11-30 17:44:25,r9bwVEswPsW3fjl2
HRV_0147,3C44YUNSI2ZFC5RTSMZNYOJQ97EDP5,3K3IX1W4S61EREQNIA3JJ3FWUMQPA9,https://www.mturk.com,2022-11-30 17:45:12,m3pwBZlyx13GMLq5
HRV_0148,37QW5D2ZRHW082BU3VS171A0L0PS8V,32CAVSKPCEZVPVLJ3D9KI89SY9CU1M,https://www.mturk.com,2022-11-30 17:45:56,wnXV8gcifv7soWBD
HRV_0149,3RXPCZQMQQLF7XII9AP53D4PJJOG1E,3B9J25CZ25NZXL3DU534K3AVH9ICSE,https://www.mturk.com,2022-11-30 17:46:06,H9PHGUejKYrMRcM0
HRV_0150,3BXQMRHWK08V8452M1XKRKTJQ2XUMZ,375VSR8FVWJ04ZEA7UN75R6K4PLRZ4,https://www.mturk.com,2022-11-30 17:46:11,a8UKq0iffpn9odtl
HRV_0151,3VW6495TLKACJUELF5IKO0M3V0MYYR,3BDORL6HKKNNW630FG3ZUT5ZV7ZCRQ,https://www.mturk.com,2022-11-30 17:46:15,tkGbt5DoyhmnGMsN
HRV_0152,3GA6AFUKOPYPHWR8GKL6C6VNW3F3HS,3CKVGCS3PGFF3T8XIPAKP28U8KLS01,https://www.mturk.com,2022-11-30 17:46:39,0VMxC31CdHmj7zlq
HRV_0153,3S4AW7T80CSCLOT27J5NE3G0RKKL42,3XDSWAMB222NK5O021EZP3VUZLXCQP,https://www.mturk.com,2022-11-30 17:47:19,DqWoswC1Ni9cMsij
HRV_0154,32AT8R96GMJY6ZI76YT63TSPIRFUSB,374UMBUHN5Z0CLGSJ58UU86HJSWCT3,https://www.mturk.com,2022-11-30 17:47:34,jdNPRO6YGOLmy9Rz
HRV_0155,3R6BYFZZP8MHJY7G5J4UG18ENJ3FX6,3RTFSSG7T8GL76ESRN64KB33HVSWLT,https://www.mturk.com,2022-11-30 17:47:50,kgHCXE3OSomHi30C
HRV_0156,3ATPCQ38J9KBNCGIZZ44LE4WS9JYAH,3KA7IJSNW6FJAOVFOO3FEEZ2C4BPB4,https://www.mturk.com,2022-11-30 17:48:01,wPLeN2OMRtKklGIx
HRV_0157,3JMSRU9HQJ4X9V2PATJ6AYQTV7FVE0,3XDSWAMB222NK5O021EZP3VUZLXCQP,https://www.mturk.com,2022-11-30 17:49:04,WAexHSfj3wmLo9q6
HRV_0158,3EJPLAJKENQA50EK58PBJGBC2KY6ZR,3NFWQRSHVEO3ASEWQ7ZO3VCVQBGFG8,https://www.mturk.com,2022-11-30 17:49:16,oxKIyRmRQ8QekIEe
HRV_0159,3S96KQ6I9NED4XK093873YKNYAZDTA,374UMBUHN5Z0CLGSJ58UU86HJSWCT3,https://www.mturk.com,2022-11-30 17:49:28,5DK0eXYJimmoqSOg
HRV_0160,3JAOYWH7VJEDIUZEOE1EVBRGDCYL9Y,341YLJU21I9X5P8FS0KK4OVMWK3I2J,https://www.mturk.com,2022-11-30 17:51:11,ZwSq6JUM0LxW1vaW
HRV_0161,3K2755HG5TD3LS2ZEJ3IMU5M71RFD4,3OWZNK3RYLZ2EG3FMH9YNRJXQFQU23,https://www.mturk.com,2022-11-30 17:51:53,CQMn7zaC4wiuFUvM
HRV_0162,3PW9OPU9PRUPS3ABAV4G19AO90J12G,3LB1BGHFL26DFOHXFXQJRZY0MGETYS,https://www.mturk.com,2022-11-30 17:52:05,DAYVCeOEofLS9NmE
HRV_0163,3BV8HQ2ZZXB94S6CTG9C2NK3TZRA6U,3K3IX1W4S61EREQNIA3JJ3FWUMQPA9,https://www.mturk.com,2022-11-30 17:53:02,FjIDEWUuDUgA2tyI
HRV_0164,320DUZ38G8WM2EYMZZVB7D0BD0NGJH,3BDORL6HKKNNW630FG3ZUT5ZV7ZCRQ,https://www.mturk.com,2022-11-30 17:53:08,tDODYvnjSeaebr3i
HRV_0165,3XUHV3NRVL8SVBECU39ZR3T7AZ65HK,3A3KKYU7P3R5DOWDRZ7JKOISH0IWMV,https://www.mturk.com,2022-11-30 17:53:22,rmwrP3Bh1daMyy96
HRV_0166,3PW9OPU9PRUPS3ABAV4G19AO90J12G,3LB1BGHFL26DFOHXFXQJRZY0MGETYS,https://www.mturk.com,2022-11-30 17:53:59,OazYkqikSONrFotj
HRV_0167,3CN4LGXD5YYWLN01QYUD8BIW0ZNY46,3OWZNK3RYLZ2EG3FMH9YNRJXQFQU23,https://www.mturk.com,2022-11-30 17:54:06,HucQhQJMEwycBVGu
HRV_0168,3DY46V3X3QSGFIUHT18Q26QH5QF553,33NKDW9FFXS7T2PCOF9RJBRNWOKCXM,https://www.mturk.com,2022-11-30 17:54:32,ZnpIHnyvtLEWaHqb
HRV_0169,3E13VNJ1NO5T3OODZYP8OPH5YWGI18,3MA5N0ATTCLAN0WA6NU35BQOSVNWKQ,https://www.mturk.com,2022-11-30 17:54:36,pJ4iekD2jjvhEy1s
HRV_0170,3G2UL9A02EORLQ8EMDXSSWIDSRL760,3OQQD2WO8IGMQ74YW0YPNY0E2Y3I3U,https://www.mturk.com,2022-11-30 17:55:10,JcrswBvlnZomOXy1
HRV_0171,3SBEHTYCWODQTUZGBNWH2CSF5HOYIL,3B9J25CZ25NZXL3DU534K3AVH9ICSE,https://www.mturk.com,2022-11-30 17:55:17,eVWS4zo8j5k5Xyc5
HRV_0172,3X4JMASXCNJJ9RPPX5TROXUIYEU0BI,33QQ60S6ASSVI6017U5K43QITH6U0J,https://www.mturk.com,2022-11-30 17:55:30,fUrx45kHfNaXJpUV
HRV_0173,3VHP9MDGROUTG0WLEN872ON4M1FFC4,32CAVSKPCEZVPVLJ3D9KI89SY9CU1M,https://www.mturk.com,2022-11-30 17:56:19,1hKjZLjQwESF2RF7
HRV_0174,345LHZDEDY2UMIXSGJS5VLKDQBH3UT,33NKDW9FFXS7T2PCOF9RJBRNWOKCXM,https://www.mturk.com,2022-11-30 17:56:23,xXV6PPRzehmp8B1p
HRV_0175,3VFJCI1K409302HZ744K94M2NHHGR9,3I7KR83SNANZB4J2DCKBRRIDUU2K9O,https://www.mturk.com,2022-11-30 17:58:09,qA3KCfw3q9y6rVUN
HRV_0176,33JKGHPFYD4IDELTP0LYDP1PI65NM1,3NFWQRSHVEO3ASEWQ7ZO3VCVQBGFG8,https://www.mturk.com,2022-11-30 17:58:42,KuplvpVygkwaamUd
HRV_0177,3COPXFW7XCMNQBX3K3LA21EGTGBKPP,3RTFSSG7T8GL76ESRN64KB33HVSWLT,https://www.mturk.com,2022-11-30 17:59:54,xMFZ6td1IS2iReQ0
HRV_0178,3IOEN3P9S8TDA4TCXXGJRMR0P5N16Z,3CKVGCS3PGFF3T8XIPAKP28U8KLS01,https://www.mturk.com,2022-11-30 18:00:13,8eW6naz7a74CnEKz
HRV_0179,3CFJTT4SXU07EA3FOE6HPZ8I1IGI75,3XDSWAMB222NK5O021EZP3VUZLXCQP,https://www.mturk.com,2022-11-30 18:00:23,yrPJX51AEdcBO8nn
HRV_0180,3IQ1VMJRYUUWMB8ARNCOMXB5J0ZA95,3DZKABX2ZIFFPDKHO089VQU2GDCCVJ,https://www.mturk.com,2022-11-30 18:01:18,VJ9L8NeqihfMndbW
HRV_0181,3COPXFW7XCMNQBX3K3LA21EGTGBKPP,3RTFSSG7T8GL76ESRN64KB33HVSWLT,https://www.mturk.com,2022-11-30 18:02:22,9vm2QaPLXFv64PvH
HRV_0182,3L4PIM1GQUQ3MT2Z1AQQG4T6SDCYRU,3LB1BGHFL26DFOHXFXQJRZY0MGETYS,https://www.mturk.com,2022-11-30 18:04:21,grFZs2FmyjTYi6Ke
HRV_0183,3Y4W8Q93L0USHPOPEY8M4G88VVFDVQ,3I7KR83SNANZB4J2DCKBRRIDUU2K9O,https://www.mturk.com,2022-11-30 18:04:40,bN0m7Oiy0rMmLL9e
HRV_0184,39L1G8WVWR1EDL6UEVILKJFGFEJ13R,32FESTC2NH0FCYVHJAY4Z4SJ263CUU,https://www.mturk.com,2022-11-30 18:04:49,nqfmjoyx1rpUTe2j
HRV_0185,37QW5D2ZRHW082BU3VS171A0L0NS8T,32FESTC2NH0FCYVHJAY4Z4SJ263CUU,https://www.mturk.com,2022-11-30 18:05:48,azZwMyzmFUUepxpB
HRV_0186,3JZQSN0I3RK6XCCQG94QSF8JKT7FGE,3MA5N0ATTCLAN0WA6NU35BQOSVNWKQ,https://www.mturk.com,2022-11-30 18:06:01,QFDiVDKBhMGuTcjJ
HRV_0187,32EYX73OY1JM5KIUR9T1DJNTWPWURN,3K3IX1W4S61EREQNIA3JJ3FWUMQPA9,https://www.mturk.com,2022-11-30 18:06:05,dG8YTut9ZOkGzI1V
HRV_0188,3J2UYBXQQMMD3F8U1ECJDH8QKDF60Z,32FESTC2NH0FCYVHJAY4Z4SJ263CUU,https://www.mturk.com,2022-11-30 18:07:29,kbe71i2IfrnuQc98
HRV_0189,3QY7M81QH8WYK5T3OHRT2FNVTM57K5,3EKTG13IZUDP2UKENL0HBD1CJTEMLS,https://www.mturk.com,2022-11-30 18:07:35,al912tv7E2lbZFBp
HRV_0190,3NGMS9VZTMS0JCGV5PY8AU87JE7FFF,3OQQD2WO8IGMQ74YW0YPNY0E2Y3I3U,https://www.mturk.com,2022-11-30 18:08:49,Z38N7rHRzZm3qmDp
HRV_0191,32EYX73OY1JM5KIUR9T1DJNTWPWURN,3K3IX1W4S61EREQNIA3JJ3FWUMQPA9,https://www.mturk.com,2022-11-30 18:10:24,7gaXor7FW5crjOD8
HRV_0192,30LB5CDZNDKFRPS53J9UAF1LPHC0ZK,3RTFSSG7T8GL76ESRN64KB33HVSWLT,https://www.mturk.com,2022-11-30 18:10:56,qcQt8GyXntEuPmYR
HRV_0193,33PPO7FECWPNVJ4PFR93PRIENTJDIT,3KA7IJSNW6FJAOVFOO3FEEZ2C4BPB4,https://www.mturk.com,2022-11-30 18:11:58,nEj6ZcM71zPhDHxP
HRV_0194,3IOEN3P9S8TDA4TCXXGJRMR0P5L612,3XDSWAMB222NK5O021EZP3VUZLXCQP,https://www.mturk.com,2022-11-30 18:12:08,yoL0BKsXbO0nM6CW
HRV_0195,3TR2532VIQ4K5L9GNMMPVMNMJMO6J9,3BDORL6HKKNNW630FG3ZUT5ZV7ZCRQ,https://www.mturk.com,2022-11-30 18:12:09,MHP4PtHFBdHGWqbC
HRV_0196,3IX2EGZR7CTDR470FAPN6HEIF9YRJO,3EKTG13IZUDP2UKENL0HBD1CJTEMLS,https://www.mturk.com,2022-11-30 18:12:13,aei7vuc84gJZnm7g
HRV_0197,3KMS4QQVK30BZY8960P5Q70CRAOFKH,3PEG1BH7AE1IZXYZBWY7IXD3IU5KBY,https://www.mturk.com,2022-11-30 18:12:59,FQbdFYMdKRGF4Taa
HRV_0198,3HMIGG0U4MGX4ON321KQPNY12LJY8D,3OQQD2WO8IGMQ74YW0YPNY0E2Y3I3U,https://www.mturk.com,2022-11-30 18:13:21,YnoJl87JHbcjoJI5
HRV_0199,3CN4LGXD5YYWLN01QYUD8BIW0ZNY46,3OWZNK3RYLZ2EG3FMH9YNRJXQFQU23,https://www.mturk.com,2022-11-30 18:14:30,B4fHA3NpVwc48ZC5
HRV_0200,3L70J4KAZHW8P1LR33HQ8TUVALEDAP,3RTFSSG7T8GL76ESRN64KB33HVSWLT,https://www.mturk.com,2022-11-30 18:15:36,b1wVwvF7NYTRh1B0
HRV_0201,37FMASSAYD1UGM651VIXU1UEK86BIJ,3B9J25CZ25NZXL3DU534K3AVH9ICSE,https://www.mturk.com,2022-11-30 18:15:53,ibA1JisdQ5ge7LEZ
HRV_0202,3U4J9857OFLXR2P9I4E03C456SW7BL,3XDSWAMB222NK5O021EZP3VUZLXCQP,https://www.mturk.com,2022-11-30 18:16:17,znEn1eqq4gNCxeIs
HRV_0203,354P56DE9LDW8O6BTQ0VT1E5AGL7SP,33NKDW9FFXS7T2PCOF9RJBRNWOKCXM,https://www.mturk.com,2022-11-30 18:17:22,pdGHq0ZVzs5jSNrs
HRV_0204,308Q0PEVB9NBSTR83B413VZOW84I9H,3BDORL6HKKNNW630FG3ZUT5ZV7ZCRQ,https://www.mturk.com,2022-11-30 18:17:28,FfAdFpO3PMToUNmD
HRV_0205,3NXNZ5RS1B7E39ACKK04C69FIST79B,3DZKABX2ZIFFPDKHO089VQU2GDCCVJ,https://www.mturk.com,2022-11-30 18:20:57,7J13YtEcfwhgtwfP
HRV_0206,3HHRAGRYX9FLOF2B16H6NSVA8H2O9H,3LB1BGHFL26DFOHXFXQJRZY0MGETYS,https://www.mturk.com,2022-11-30 18:23:11,4VjwQnWiSCLgbzPi
HRV_0207,3HMIGG0U4MGX4ON321KQPNY12LJY8D,3OQQD2WO8IGMQ74YW0YPNY0E2Y3I3U,https://www.mturk.com,2022-11-30 18:25:42,2kj1z4KKuWA92vMJ
HRV_0208,34YB12FSQZYC3M472W83N5SSHUIGML,3B9J25CZ25NZXL3DU534K3AVH9ICSE,https://www.mturk.com,2022-11-30 18:25:55,wk9UpyV60GQSNzUB
HRV_0209,3IAEQB9FMFU5WEOU48DIQIRM24HDW0,33W1NHWFYHVDKER2BJS25672SAITZJ,https://www.mturk.com,2022-11-30 18:26:01,y91oC89JbEmv4LH6
HRV_0210,308Q0PEVB9NBSTR83B413VZOW84I9H,3BDORL6HKKNNW630FG3ZUT5ZV7ZCRQ,https://www.mturk.com,2022-11-30 18:26:06,vxKlxd1J030zh9wy
HRV_0211,3H7Z272LX8HYAHFL53XBH1RVIGFLPS,33W1NHWFYHVDKER2BJS25672SAITZJ,https://www.mturk.com,2022-11-30 18:27:02,JNr8EHSkBieNL08g
HRV_0212,35K3O9HUACN8DYGZAEE2SCN77DSFEX,33NKDW9FFXS7T2PCOF9RJBRNWOKCXM,https://www.mturk.com,2022-11-30 18:27:43,IBn0RMxiXyfDO3c6
HRV_0213,3GLB5JMZFY59ZSYUP3904F5Y8GRDG1,3OWZNK3RYLZ2EG3FMH9YNRJXQFQU23,https://www.mturk.com,2022-11-30 18:28:25,smLMGpwEYMEQqJ54
HRV_0214,35H6S234SBACYMUVYKIVUC4H1LQ56J,3KA7IJSNW6FJAOVFOO3FEEZ2C4BPB4,https://www.mturk.com,2022-11-30 18:28:28,OG74bylaYYFQDtI8
HRV_0215,3DR23U6WE6OIW3Y05YJR9G28YMZET3,3W0KKJIARRJZXZ0S8KEXRVN2AOKK8Z,https://www.mturk.com,2022-11-30 18:29:31,fsjotnCgwAw07rfQ
HRV_0216,3G5F9DBFOQ79T5TR0URCV1N6NN8HV3,32CAVSKPCEZVPVLJ3D9KI89SY9CU1M,https://www.mturk.com,2022-11-30 18:29:42,ZK7HZPd7ye6lHctF
HRV_0217,3VE8AYVF8N7R4X68XBS202RLWAUF8Y,3OWZNK3RYLZ2EG3FMH9YNRJXQFQU23,https://www.mturk.com,2022-11-30 18:29:55,eDhbu8y6ykKrYLZO
HRV_0218,3FTYUGLFSVVBJV9A87Q90IE9I7DD5J,3OWZNK3RYLZ2EG3FMH9YNRJXQFQU23,https://www.mturk.com,2022-11-30 18:30:16,QkUKxXzyHuuT6TXB
HRV_0219,32SCWG5HIIEGRWCEIZR9SI9YSLQP6O,3EKTG13IZUDP2UKENL0HBD1CJTEMLS,https://www.mturk.com,2022-11-30 18:30:50,lXuLf6RD1mwj3JWC
HRV_0220,3A4NIXBJ779SPEI8DN5J0XX0DB4MLX,3LB1BGHFL26DFOHXFXQJRZY0MGETYS,https://www.mturk.com,2022-11-30 18:36:22,10g5EFjbTyYRNfXN
HRV_0221,3K2755HG5TD3LS2ZEJ3IMU5M71RDF2,3PEG1BH7AE1IZXYZBWY7IXD3IU5KBY,https://www.mturk.com,2022-11-30 18:36:48,T5UrbeitFgqHWHqo
HRV_0222,33CID571053R3SAY75044YOUDKOL3H,375VSR8FVWJ04ZEA7UN75R6K4PLRZ4,https://www.mturk.com,2022-11-30 18:37:15,2pqrxXKTsxXLwYSO
HRV_0223,3I7DHKZYGOA8HFN6ZDLZOIHUUKT5FM,3DZKABX2ZIFFPDKHO089VQU2GDCCVJ,https://www.mturk.com,2022-11-30 18:37:52,v7BxUyzgWSk5Fku7
HRV_0224,31LM9EDVOM2SC6F8M386XX98ECANJX,3MA5N0ATTCLAN0WA6NU35BQOSVNWKQ,https://www.mturk.com,2022-11-30 18:38:38,Aza4eWgVqQu5S5ja
HRV_0225,3AAPLD8UCDRUGDP2VZRXUJZLQ2SHTN,33QQ60S6ASSVI6017U5K43QITH6U0J,https://www.mturk.com,2022-11-30 18:39:16,Wmw3MXHs6Zqn8ToQ
HRV_0226,3TPZPLC3M1MHUDPWZXTBLFXEIUP3PX,32CAVSKPCEZVPVLJ3D9KI89SY9CU1M,https://www.mturk.com,2022-11-30 18:39:31,0tESISoSZ6GxG9U0
HRV_0227,3ZPBJO59KQBNZOT599RIPFHZNG4DH0,3A3KKYU7P3R5DOWDRZ7JKOISH0IWMV,https://www.mturk.com,2022-11-30 18:39:45,crO0nPBKov9XPcp0
HRV_0228,39U1BHVTDM1FM5I3GE2VQPYB7XA3T2,3KA7IJSNW6FJAOVFOO3FEEZ2C4BPB4,https://www.mturk.com,2022-11-30 18:40:23,Bv3IC5wNVt5uv1Ng
HRV_0229,3WZ36BJEV4QKP0MGV7H188WNVPMTBI,3P7RGTLO6ENDGNT75IYBNMTX0CKKA3,https://www.mturk.com,2022-11-30 18:41:07,UU6j6xTUOp5DY4vB
HRV_0230,3MMN5BL1W0EB9ASJ7H1J4B3JDPE3M1,3OQQD2WO8IGMQ74YW0YPNY0E2Y3I3U,https://www.mturk.com,2022-11-30 18:43:00,17VSSDhLjmksBqIk
HRV_0231,3X73LLYYQ2OWL0KIY35LLKTT1K6NHS,3I7KR83SNANZB4J2DCKBRRIDUU2K9O,https://www.mturk.com,2022-11-30 18:45:11,F9myzDBTjdRYoVld
HRV_0232,3FPRZHYEPZHUZXMSL92AR7MW4IQ3VI,32CAVSKPCEZVPVLJ3D9KI89SY9CU1M,https://www.mturk.com,2022-11-30 18:45:37,FxUNUdXGaI3hRHVR
HRV_0233,3TY7ZAOG5GUK2UTJ3I6KN0D8L8Z0KY,3X52SWXE0XFS42KMEAD5HSDGNMECWT,https://www.mturk.com,2022-11-30 18:46:19,wahZI8Y8YzyGkZQq
HRV_0234,3AAPLD8UCDRUGDP2VZRXUJZLQ2RTHY,3K3IX1W4S61EREQNIA3JJ3FWUMQPA9,https://www.mturk.com,2022-11-30 18:47:04,ceXtQ9EB0irASlGJ
HRV_0235,3HHRAGRYX9FLOF2B16H6NSVA8H2O9H,3LB1BGHFL26DFOHXFXQJRZY0MGETYS,https://www.mturk.com,2022-11-30 18:47:41,BhkRViVEIpDieWkK
HRV_0236,39K0FND3AIPBTVR4GWGTRJHPJZ6AM4,3DZKABX2ZIFFPDKHO089VQU2GDCCVJ,https://www.mturk.com,2022-11-30 18:48:08,umggVVLofXJXvxsL
HRV_0237,3CTOC39K38039LNL6WRH10NIEX57J6,3W0KKJIARRJZXZ0S8KEXRVN2AOKK8Z,https://www.mturk.com,2022-11-30 18:48:57,HbNRuBDcxVYeJj7F
HRV_0238,3C2NJ6JBKBRS6AH0FI2EYGNRC1NN29,341YLJU21I9X5P8FS0KK4OVMWK3I2J,https://www.mturk.com,2022-11-30 18:49:21,PIHQGnCLKSWS8xLt
HRV_0239,3GLB5JMZFY59ZSYUP3904F5Y8GRDG1,3OWZNK3RYLZ2EG3FMH9YNRJXQFQU23,https://www.mturk.com,2022-11-30 18:49:47,dSPdGaBWyUG4JO69
HRV_0240,3LPW2N6LKUCX0XKWU2GYAIIX4785UL,33W1NHWFYHVDKER2BJS25672SAITZJ,https://www.mturk.com,2022-11-30 18:50:58,PCT1wBsLNfp6p2JB
HRV_0241,3ZPBJO59KQBNZOT599RIPFHZNG4DH0,3A3KKYU7P3R5DOWDRZ7JKOISH0IWMV,https://www.mturk.com,2022-11-30 18:53:50,zzxmspj0vFeIleRL
HRV_0242,3OVHNO1VE7B9Q9TZFVXPPML4J6KZDB,3XDSWAMB222NK5O021EZP3VUZLXCQP,https://www.mturk.com,2022-11-30 18:56:31,vozWdKW5Cz68hiZc
HRV_0243,3GLB5JMZFY59ZSYUP3904F5Y8GRDG1,3OWZNK3RYLZ2EG3FMH9YNRJXQFQU23,https://www.mturk.com,2022-11-30 18:58:06,6f5ja9ulmIrYgatB
HRV_0244,3URFVVM166SV7B4L1QNEZMPS56QUZR,3DZKABX2ZIFFPDKHO089VQU2GDCCVJ,https://www.mturk.com,2022-11-30 18:58:26,84enQ77eoZKiDWaS
HRV_0245,35GCEFQ6I6YB8HR2M6RDCDZSSTW3ZI,3P7RGTLO6ENDGNT75IYBNMTX0CKKA3,https://www.mturk.com,2022-11-30 18:59:22,FALwTFifH83FSAI9
HRV_0246,30BXRYBRP57M8UTWQ4W8H36KUWAHWD,375VSR8FVWJ04ZEA7UN75R6K4PLRZ4,https://www.mturk.com,2022-11-30 19:03:08,Aeo75kG7nkkzm23L
HRV_0247,3VAR3R6G1QBLAAJ1WEBSNW0ZOBKO8S,3MA5N0ATTCLAN0WA6NU35BQOSVNWKQ,https://www.mturk.com,2022-11-30 19:07:33,BoxHWOU3eHFSL2Hw
HRV_0248,3IXEICO793TEJO5LZG0TXSAVHOC6TB,3NFWQRSHVEO3ASEWQ7ZO3VCVQBGFG8,https://www.mturk.com,2022-11-30 19:09:39,ydh5YZhmDWw05rx7
HRV_0249,3OB0CAO74IZQXZOW55EW20R054AHYC,3DZKABX2ZIFFPDKHO089VQU2GDCCVJ,https://www.mturk.com,2022-11-30 19:09:53,v6unJ2vxdcdCyMVb
HRV_0250,3I7DHKZYGOA8HFN6ZDLZOIHUUKT5FM,3DZKABX2ZIFFPDKHO089VQU2GDCCVJ,https://www.mturk.com,2022-11-30 19:10:29,22iIur9c70HxBqx5
HRV_0251,3U088ZLJVL3BXUN0SWPNBB738F80WU,3LB1BGHFL26DFOHXFXQJRZY0MGETYS,https://www.mturk.com,2022-11-30 19:11:06,EQ3YSwAVgr3x1oT0
HRV_0252,3IQ1VMJRYUUWMB8ARNCOMXB5J0ZA95,3DZKABX2ZIFFPDKHO089VQU2GDCCVJ,https://www.mturk.com,2022-11-30 19:11:22,l3sjHKHcBXomRhlW
HRV_0253,3C44YUNSI2ZFC5RTSMZNYOJQ97PPDS,3I7KR83SNANZB4J2DCKBRRIDUU2K9O,https://www.mturk.com,2022-11-30 19:13:10,A2R7SntOMnni7fCN
HRV_0254,3IQ1VMJRYUUWMB8ARNCOMXB5J0ZA95,3DZKABX2ZIFFPDKHO089VQU2GDCCVJ,https://www.mturk.com,2022-11-30 19:14:44,qD6i2NaxsgZQlRU1
HRV_0255,3FTYUGLFSVVBJV9A87Q90IE9I7DD5J,3OWZNK3RYLZ2EG3FMH9YNRJXQFQU23,https://www.mturk.com,2022-11-30 19:15:20,0hW972wO14e8prPK
HRV_0256,3WMINLGALCDYK9FD37MFONCDPL2ACM,33NKDW9FFXS7T2PCOF9RJBRNWOKCXM,https://www.mturk.com,2022-11-30 19:16:04,IjvLeM4ZjOsXto8U
HRV_0257,3KWTYT0871DUH7X2LOOXJVMERGF5LR,3X52SWXE0XFS42KMEAD5HSDGNMECWT,https://www.mturk.com,2022-11-30 19:21:13,ZHwhxykulCVtY5t5
HRV_0258,3JCG6DTRV40U1QWDXLKWYSGZXIOQQD,3LB1BGHFL26DFOHXFXQJRZY0MGETYS,https://www.mturk.com,2022-11-30 19:21:34,8TvMpS31cwIjLMaH
HRV_0259,3TEM0PF1Q67COON9B1KXJNII1Z20DL,3I7KR83SNANZB4J2DCKBRRIDUU2K9O,https://www.mturk.com,2022-11-30 19:21:41,iK7YGIDPnGyWVsgq
HRV_0260,3NAPMVF0ZXP33PPDZBLP2J11CMJ72J,3CKVGCS3PGFF3T8XIPAKP28U8KLS01,https://www.mturk.com,2022-11-30 19:23:33,mBRs8JaDUjSqMxeH
HRV_0261,3CCZ6YKWR8TZG5WTWRL7EMVJRMY59U,3OWZNK3RYLZ2EG3FMH9YNRJXQFQU23,https://www.mturk.com,2022-11-30 19:24:22,5J6m2A2MbtbkOlhX
HRV_0262,3OHYZ19UGDFZTYCGTCV6JN6UEZLAOJ,33QQ60S6ASSVI6017U5K43QITH6U0J,https://www.mturk.com,2022-11-30 19:24:56,998GaXNQvu9cifbP
HRV_0263,37ZHEEHM6XWSO7LW3BZULT6TI0J73U,33NKDW9FFXS7T2PCOF9RJBRNWOKCXM,https://www.mturk.com,2022-11-30 19:25:28,magINT3K0DR1WI4L
HRV_0264,3GLB5JMZFY59ZSYUP3904F5Y8GUGD7,3MA5N0ATTCLAN0WA6NU35BQOSVNWKQ,https://www.mturk.com,2022-11-30 19:26:25,j3YJEpmoEXM9IEIP
HRV_0265,3WRFBPLXRBYHRSDJJIGJHQSJIFO3N1,3OQQD2WO8IGMQ74YW0YPNY0E2Y3I3U,https://www.mturk.com,2022-11-30 19:33:21,FQtj5pdI3jLeqzKU
HRV_0266,3C44YUNSI2ZFC5RTSMZNYOJQ97PPDS,3I7KR83SNANZB4J2DCKBRRIDUU2K9O,https://www.mturk.com,2022-11-30 19:34:36,ibH6kBdYxqpFGXjD
HRV_0267,33TIN5LC05KXIT6D7TQ4PJTCMR1Y92,33QQ60S6ASSVI6017U5K43QITH6U0J,https://www.mturk.com,2022-11-30 19:36:01,YoRAVfYi1PpUDe8z
HRV_0268,3L70J4KAZHW8P1LR33HQ8TUVALEDAP,3RTFSSG7T8GL76ESRN64KB33HVSWLT,https://www.mturk.com,2022-11-30 19:38:43,xWeWr1h6ycCqe2nz
HRV_0269,3C44YUNSI2ZFC5RTSMZNYOJQ97PPDS,3I7KR83SNANZB4J2DCKBRRIDUU2K9O,https://www.mturk.com,2022-11-30 19:40:58,kKgPjOO3NFZn6oCq
HRV_0270,3STRJBFXOX1LI3QA1KUU7BFDIJWKTU,3A3KKYU7P3R5DOWDRZ7JKOISH0IWMV,https://www.mturk.com,2022-11-30 19:41:41,K9yrIeFEsYkGGFTF
HRV_0271,3GA6AFUKOPYPHWR8GKL6C6VNW4T3H8,3OWZNK3RYLZ2EG3FMH9YNRJXQFQU23,https://www.mturk.com,2022-11-30 19:42:47,HmaYqUw2WSxMYd9u
HRV_0272,3R3YRB5GRGDU63WDPY7FITYJWL9AUW,341YLJU21I9X5P8FS0KK4OVMWK3I2J,https://www.mturk.com,2022-11-30 19:45:13,kkdNx1BGdd4ot8IB
HRV_0273,3W2LOLRXLCP82ODIXVPZ7WEVUYZKRH,3KA7IJSNW6FJAOVFOO3FEEZ2C4BPB4,https://www.mturk.com,2022-11-30 19:45:18,b853mk8gM9W2ExA8
HRV_0274,338JKRMM279P1HQTPZ0GZE9T2D7AHV,3DZKABX2ZIFFPDKHO089VQU2GDCCVJ,https://www.mturk.com,2022-11-30 19:46:00,TnRc1CY3vlEm5fQD
HRV_0275,3VAR3R6G1QBLAAJ1WEBSNW0ZOBKO8S,3MA5N0ATTCLAN0WA6NU35BQOSVNWKQ,https://www.mturk.com,2022-11-30 19:54:04,p9R8zR5WFQRn0QsG
HRV_0276,3TPZPLC3M1MHUDPWZXTBLFXEIUP3PX,32CAVSKPCEZVPVLJ3D9KI89SY9CU1M,https://www.mturk.com,2022-11-30 19:56:08,qYvBlp7tMXRjuyt1
HRV_0277,31UV0MXWNRMSR6PW0LRKRFUMACL5ID,3X52SWXE0XFS42KMEAD5HSDGNMECWT,https://www.mturk.com,2022-11-30 20:01:38,rjf5NjJveFkE6qL8
HRV_0278,3JAOYWH7VJEDIUZEOE1EVBRGDCY9LM,374UMBUHN5Z0CLGSJ58UU86HJSWCT3,https://www.mturk.com,2022-11-30 20:04:12,4YgmqS6YNlEew24J
HRV_0279,3CFJTT4SXU07EA3FOE6HPZ8I1IG7IU,3B9J25CZ25NZXL3DU534K3AVH9ICSE,https://www.mturk.com,2022-11-30 20:08:36,ZOn4YTiuISiOCuYP
HRV_0280,34V1S5K3GTBVZ9W71AVC6S9JNIP69T,3DZKABX2ZIFFPDKHO089VQU2GDCCVJ,https://www.mturk.com,2022-11-30 20:11:04,e1qTCigw4sg4lWXc
HRV_0281,354P56DE9LDW8O6BTQ0VT1E5AGL7SP,33NKDW9FFXS7T2PCOF9RJBRNWOKCXM,https://www.mturk.com,2022-11-30 20:12:31,eNTVYIXdUItUg3aT
HRV_0282,31UV0MXWNRMSR6PW0LRKRFUMACL5ID,3X52SWXE0XFS42KMEAD5HSDGNMECWT,https://www.mturk.com,2022-11-30 20:16:16,ZR0qkb0UruJUJ3Et
HRV_0283,3H8DHMCCWALE1EUDFUUF27XRFYNDKL,3P7RGTLO6ENDGNT75IYBNMTX0CKKA3,https://www.mturk.com,2022-11-30 20:16:30,4RvNjbocfms3Rq59
HRV_0284,3LRLIPTPERJG37R1VK3DC6PLUUBAKZ,3PEG1BH7AE1IZXYZBWY7IXD3IU5KBY,https://www.mturk.com,2022-11-30 20:17:27,u2DALrzz78UMrPRu
HRV_0285,3FQ5JJ512MYNNQLQ4O8IYC9LT1AKNT,33NKDW9FFXS7T2PCOF9RJBRNWOKCXM,https://www.mturk.com,2022-11-30 20:17:39,fEb6C8fQV44hRTHq
HRV_0286,33TIN5LC05KXIT6D7TQ4PJTCMR1Y92,33QQ60S6ASSVI6017U5K43QITH6U0J,https://www.mturk.com,2022-11-30 20:19:28,mu2fR2WAOTYklLfr
HRV_0287,3OJSZ2ATDT6V2M80HUNN0Q4DWWA57I,3OQQD2WO8IGMQ74YW0YPNY0E2Y3I3U,https://www.mturk.com,2022-11-30 20:21:00,cCI4ZolodxG5SAIN
HRV_0288,3WETL7AQWUID137DFIKXN9SXRUO53D,3OQQD2WO8IGMQ74YW0YPNY0E2Y3I3U,https://www.mturk.com,2022-11-30 20:21:05,8zmrJzMIObLHmLCh
HRV_0289,3G2UL9A02EORLQ8EMDXSSWIDSRL760,3OQQD2WO8IGMQ74YW0YPNY0E2Y3I3U,https://www.mturk.com,2022-11-30 20:21:22,7EwelsPfDAOTdPHT
HRV_0290,3VHHR074H4R94BBL9H3UHF0AIMAL7M,3CKVGCS3PGFF3T8XIPAKP28U8KLS01,https://www.mturk.com,2022-11-30 20:21:42,Lj2ManK0rjKoAI2I
HRV_0291,32RIADZISTEZP1OSRS2OQPUVJES4SZ,341YLJU21I9X5P8FS0KK4OVMWK3I2J,https://www.mturk.com,2022-11-30 20:22:11,WXTHqFqbe7qRYRe4
HRV_0292,3J2UYBXQQMMD3F8U1ECJDH8QKDF60Z,32FESTC2NH0FCYVHJAY4Z4SJ263CUU,https://www.mturk.com,2022-11-30 20:23:10,G6es1BMup3rDR8qy
HRV_0293,3VFJCI1K409302HZ744K94M2NHHGR9,3I7KR83SNANZB4J2DCKBRRIDUU2K9O,https://www.mturk.com,2022-11-30 20:23:18,JjnD2DZzoNKzboHo
HRV_0294,3ZR9AIQJUCJZOS4GIQJ4GJOCONP04Q,3A3KKYU7P3R5DOWDRZ7JKOISH0IWMV,https://www.mturk.com,2022-11-30 20:23:41,QXMypHaBzrXeIpyW
HRV_0295,3KRVW3HTZOVFTRDYXW2KCJBV55CMSB,3LB1BGHFL26DFOHXFXQJRZY0MGETYS,https://www.mturk.com,2022-11-30 20:24:48,QJpTf9eEoituadAU
HRV_0296,32SCWG5HIIEGRWCEIZR9SI9YSM7P67,341YLJU21I9X5P8FS0KK4OVMWK3I2J,https://www.mturk.com,2022-11-30 20:24:48,2v6lPm5Ir5N0JOMh
HRV_0297,3JWH6J9I9TNMUNHWYBVPZ9QV670BNZ,374UMBUHN5Z0CLGSJ58UU86HJSWCT3,https://www.mturk.com,2022-11-30 20:26:50,vlviOQhbWYkRvsGn
HRV_0298,3VHHR074H4R94BBL9H3UHF0AIMA7L8,375VSR8FVWJ04ZEA7UN75R6K4PLRZ4,https://www.mturk.com,2022-11-30 20:27:15,Ik9YHYX7f1kJ1fPs
HRV_0299,3W92K5RLWVRXDC9WZSQ364KGIEH5VA,32CAVSKPCEZVPVLJ3D9KI89SY9CU1M,https://www.mturk.com,2022-11-30 20:29:21,qaswhPTAO7SiCpii
HRV_0300,36PW28KO406DH7ZRZYSAEBCGAXFAEF,3KA7IJSNW6FJAOVFOO3FEEZ2C4BPB4,https://www.mturk.com,2022-11-30 20:43:30,ikDOLVayDJrLi7vV
HRV_0301,3YHH42UU5CPVM0B1OIIL20QNA840L1,3PEG1BH7AE1IZXYZBWY7IXD3IU5KBY,https://www.mturk.com,2022-11-30 20:46:22,6llQnTBjDrJOWzC2
HRV_0302,3QHK8ZVMINSW6NEBMYFAMHM61C0BLX,3P7RGTLO6ENDGNT75IYBNMTX0CKKA3,https://www.mturk.com,2022-11-30 20:51:28,28OUiZD7HI9oAqLA
HRV_0303,3FPRZHYEPZHUZXMSL92AR7MW4IQ3VI,32CAVSKPCEZVPVLJ3D9KI89SY9CU1M,https://www.mturk.com,2022-11-30 20:57:53,3VD7l6yCPEG3KYcD
HRV_0304,3VW6495TLKACJUELF5IKO0M3V0MYYR,3BDORL6HKKNNW630FG3ZUT5ZV7ZCRQ,https://www.mturk.com,2022-11-30 20:58:09,QPnGlpPV0vvYm0UU
HRV_0305,3VBEN272ML9F1HHCMT4PZERY9KHGSG,3LB1BGHFL26DFOHXFXQJRZY0MGETYS,https://www.mturk.com,2022-11-30 21:02:28,UuBE3WBZv6HZYNbb
HRV_0306,3DEL4X4EL7VNJPOBA9WI5MFUTVDYX8,3BDORL6HKKNNW630FG3ZUT5ZV7ZCRQ,https://www.mturk.com,2022-11-30 21:06:43,NU3faY3VFmgZkkEY
HRV_0307,3VHHR074H4R94BBL9H3UHF0AIMA7L8,375VSR8FVWJ04ZEA7UN75R6K4PLRZ4,https://www.mturk.com,2022-11-30 21:11:23,DpJB42r4FoU0LZZ3
HRV_0308,36AHBNMV1SM9LJJUJ9V6BFC2DCHDYZ,3NFWQRSHVEO3ASEWQ7ZO3VCVQBGFG8,https://www.mturk.com,2022-11-30 21:16:39,Vud4HAnrFRDAonTK
HRV_0309,3YDTZAI2WYQZVHPYE9N4UO7MTEF14C,3B9J25CZ25NZXL3DU534K3AVH9ICSE,https://www.mturk.com,2022-11-30 21:21:50,XJQGAaNWxYMUlP4Z
HRV_0310,3QHK8ZVMINSW6NEBMYFAMHM61C0BLX,3P7RGTLO6ENDGNT75IYBNMTX0CKKA3,https://www.mturk.com,2022-11-30 21:29:58,GQnDIXjr51CVsjbJ
HRV_0311,3YDTZAI2WYQZVHPYE9N4UO7MTEF41F,3NFWQRSHVEO3ASEWQ7ZO3VCVQBGFG8,https://www.mturk.com,2022-11-30 21:33:32,xBt3djkfCOkyrDvK
HRV_0312,384PI804XTBIQD6R8RFMEM4I23US0R,3CKVGCS3PGFF3T8XIPAKP28U8KLS01,https://www.mturk.com,2022-11-30 21:38:14,Sbl3E8xnwrXBTKFf
HRV_0313,3RWE2M8QWIKLA0EM0VY0FSUCF340N3,3PEG1BH7AE1IZXYZBWY7IXD3IU5KBY,https://www.mturk.com,2022-11-30 21:56:13,jbaArpM6jfktzBod
HRV_0314,3CFJTT4SXU07EA3FOE6HPZ8I1IGI75,3XDSWAMB222NK5O021EZP3VUZLXCQP,https://www.mturk.com,2022-11-30 22:05:38,IqzhMiL0MISVryGS
HRV_0315,30X31N5D640ERQ490TCF3SGVBONSAX,375VSR8FVWJ04ZEA7UN75R6K4PLRZ4,https://www.mturk.com,2022-11-30 22:22:43,7gkhA06wY5g2o81a
HRV_0316,3FQ5JJ512MYNNQLQ4O8IYC9LT1AKNT,33NKDW9FFXS7T2PCOF9RJBRNWOKCXM,https://www.mturk.com,2022-11-30 22:23:18,uOO42jHsUHWIHAT2
HRV_0317,3907X2AHF1FS9VTDVXF625SMCGOP27,3MA5N0ATTCLAN0WA6NU35BQOSVNWKQ,https://www.mturk.com,2022-11-30 22:36:06,Id1jTqUhzQZ6ToqQ
HRV_0318,33TIN5LC05KXIT6D7TQ4PJTCMR1Y92,33QQ60S6ASSVI6017U5K43QITH6U0J,https://www.mturk.com,2022-11-30 22:41:00,3WzlnJ23OqC1lLab
HRV_0319,3RYC5T2D7439DFAYANU73D0UO84RPO,3B9J25CZ25NZXL3DU534K3AVH9ICSE,https://www.mturk.com,2022-11-30 22:53:03,Z88EUdGIy9chdvQK
HRV_0320,3RYC5T2D7439DFAYANU73D0UO84RPO,3B9J25CZ25NZXL3DU534K3AVH9ICSE,https://www.mturk.com,2022-11-30 23:44:55,RhJismnwIZbUuKMf
HRV_0321,3907X2AHF1FS9VTDVXF625SMCGOP27,3MA5N0ATTCLAN0WA6NU35BQOSVNWKQ,https://www.mturk.com,2022-11-30 23:59:43,LX46xoYhNZD0bPGk
HRV_0322,3NQL1CS15SIVF0JGAUV0H1I9DKWVYT,3OWZNK3RYLZ2EG3FMH9YNRJXQFQU23,https://www.mturk.com,2022-12-01 00:05:23,R8UejBZ24bvJz6fG
HRV_0323,3907X2AHF1FS9VTDVXF625SMCGOP27,3MA5N0ATTCLAN0WA6NU35BQOSVNWKQ,https://www.mturk.com,2022-12-01 00:24:04,mZDvWgIL9vIPP3UG
